<?xml version="1.0" encoding="UTF-8"?>
<LinearLayout xmlns:android="http://schemas.android.com/apk/res/android"
    android:id="@+id/gameScreen"
    android:orientation="vertical"
    android:layout_weight="1"
    android:layout_width="fill_parent"
    android:layout_height="fill_parent">
<com.example.marco.canvas_mas_controles.MySurfaceView android:id="@+id/game_surface"
        android:layout_width="fill_parent" android:background="#ff3050f3"
        android:layout_weight="1" android:layout_height="0dp" />
    <LinearLayout android:id="@+id/LinearLayout01"
        android:layout_height="wrap_content" android:layout_width="fill_parent"
        android:paddingTop="5dp">
        <Button android:text="@+id/Button01" android:id="@+id/Button01"
            android:layout_height="wrap_content" android:layout_width="0dp"
            android:layout_weight="1"></Button>
        <Button android:text="@+id/Button02" android:id="@+id/Button02"
            android:layout_height="wrap_content" android:layout_width="0dp"
            android:layout_weight="1"></Button>
        <Button android:text="@+id/Button03" android:id="@+id/Button03"
            android:layout_height="wrap_content" android:layout_width="0dp"
            android:layout_weight="1"></Button>
        <Button android:text="@+id/Button04" android:id="@+id/Button04"
            android:layout_height="wrap_content" android:layout_width="0dp"
            android:layout_weight="1"></Button>
    </LinearLayout>
</LinearLayout>

