<resources>
    <string name="app_name">LivePreviewActivity</string>
    <string name="java_entry_title" translatable="false">Run the ML Kit quickstart written in Java</string>
<string name="kotlin_entry_title" translatable="false">Run the ML Kit quickstart written in Kotlin</string>
<string name="ok" translatable="false">OK</string>
<string name="permission_camera_rationale" translatable="false">Access to the camera is needed for detection</string>
<string name="no_camera_permission" translatable="false">This application cannot run because it does not have the camera permission.  The application will now exit.</string>
<string name="low_storage_error" translatable="false">Face detector dependencies cannot be downloaded due to low device storage</string>
<string name="toggle_turn_on" translatable="false">Front</string>
<string name="toggle_turn_off" translatable="false">Back</string>
<string name="desc_camera_source_activity" translatable="false">Vision detectors demo with live camera preview</string>
<string name="desc_still_image_activity" translatable="false">Vision detectors demo with a still image</string>
<string name="desc_camerax_live_preview_activity" translatable="false">Vision detectors demo with live preview using CameraX. Note that CameraX is only supported on API 21+</string>
<string name="desc_cameraxsource_demo_activity" translatable="false">Object detection with custom classifier using ML Kit CameraXSource API. Note that CameraX is only supported on API 21+</string>
<string name="download_error" translatable="false">Download error</string>
<string name="start_over" translatable="false">Start over</string>
<string name="menu_item_settings" translatable="false">Settings</string>
<string name="select_image" translatable="false">Select image</string>
<string name="custom_object_detection" translatable="false">Custom Object Detector</string>

    <!-- Settings related strings. -->
<string name="pref_screen" translatable="false">ps</string>
<string name="pref_screen_title_live_preview" translatable="false">Live preview settings</string>
<string name="pref_screen_title_still_image" translatable="false">Still image settings</string>
<string name="pref_screen_title_camerax_live_preview" translatable="false">CameraX live preview settings</string>
<string name="pref_screen_title_cameraxsource_demo" translatable="false">CameraXSource live preview settings</string>
<string name="pref_category_info" translatable="false">Detection Info</string>
<string name="pref_category_face_detection" translatable="false">Face Detection</string>
<string name="pref_category_object_detection" translatable="false">Object Detection / Custom Object Detection</string>
<string name="pref_category_automl" translatable="false">AutoML Image Labeling</string>
<string name="pref_category_pose_detection" translatable="false">Pose Detection</string>
<string name="pref_category_segmentation" translatable="false">Selfie Segmentation</string>
<string name="pref_category_text_recognition" translatable="false">Text Recognition</string>
<string name="pref_category_barcode_scanning" translatable="false">Barcode Scanning</string>

    <!-- Strings for camera settings. -->
<string name="pref_category_key_camera" translatable="false">pckc</string>
<string name="pref_category_title_camera" translatable="false">Camera</string>
<string name="pref_key_rear_camera_preview_size" translatable="false">rcpvs</string>
<string name="pref_key_rear_camera_picture_size" translatable="false">rcpts</string>
<string name="pref_key_front_camera_preview_size" translatable="false">fcpvs</string>
<string name="pref_key_front_camera_picture_size" translatable="false">fcpts</string>
<string name="pref_key_camerax_rear_camera_target_resolution" translatable="false">crctas</string>
<string name="pref_key_camerax_front_camera_target_resolution" translatable="false">cfctas</string>
<string name="pref_key_camera_live_viewport" translatable="false">clv</string>
<string name="pref_title_rear_camera_preview_size" translatable="false">Rear camera preview size</string>
<string name="pref_title_front_camera_preview_size" translatable="false">Front camera preview size</string>
<string name="pref_title_camerax_rear_camera_target_resolution" translatable="false">CameraX rear camera target resolution</string>
<string name="pref_title_camerax_front_camera_target_resolution" translatable="false">CameraX front camera target resolution</string>
<string name="pref_title_camera_live_viewport" translatable="false">Enable live viewport</string>
<string name="pref_summary_camera_live_viewport" translatable="false">Do not block camera preview drawing on detection</string>

    <!-- Strings for info preference. -->
<string name="pref_title_info_hide" translatable="false">Hide detection info</string>
<string name="pref_key_info_hide" translatable="false">ih</string>

    <!-- Strings for barcode scanning preference. -->
<string name="pref_key_enable_auto_zoom" translatable="false">eaz</string>
<string name="pref_title_enable_auto_zoom" translatable="false">Enable auto zoom</string>

    <!-- Strings for text recognition preference. -->
<string name="pref_title_group_recognized_text_in_blocks" translatable="false">Group recognized text in paragraphs</string>
<string name="pref_key_group_recognized_text_in_blocks" translatable="false">grtib</string>
<string name="pref_title_show_language_tag" translatable="false">Show language identified</string>
<string name="pref_key_show_language_tag" translatable="false">slt</string>
<string name="pref_title_show_text_confidence" translatable="false">Show confidence score</string>
<string name="pref_key_show_text_confidence" translatable="false">stc</string>

    <!-- Strings for object detector enable multiple objects preference. -->
<string name="pref_title_object_detector_enable_multiple_objects" translatable="false">Enable multiple objects</string>
<string name="pref_key_live_preview_object_detector_enable_multiple_objects" translatable="false">lpodemo</string>
<string name="pref_key_still_image_object_detector_enable_multiple_objects" translatable="false">siodemo</string>

    <!-- Strings for object detector enable classification preference. -->
<string name="pref_title_object_detector_enable_classification" translatable="false">Enable classification</string>
<string name="pref_key_live_preview_object_detector_enable_classification" translatable="false">lpodec</string>
<string name="pref_key_still_image_object_detector_enable_classification" translatable="false">siodec</string>

    <!-- Strings for face detector landmark mode preference. -->
<string name="pref_title_face_detector_landmark_mode" translatable="false">Landmark mode</string>
<string name="pref_key_live_preview_face_detection_landmark_mode" translatable="false">lpfdlm</string>
<string name="pref_entries_face_detector_landmark_mode_no_landmarks" translatable="false">No landmarks</string>
<string name="pref_entries_face_detector_landmark_mode_all_landmarks" translatable="false">All landmarks</string>
    <!-- The following entry values must match the ones in FaceDetectorOptions#LandmarkMode -->
<string name="pref_entry_values_face_detector_landmark_mode_no_landmarks" translatable="false">1</string>
<string name="pref_entry_values_face_detector_landmark_mode_all_landmarks" translatable="false">2</string>

    <!-- Strings for face detector contour mode preference. -->
<string name="pref_title_face_detector_contour_mode" translatable="false">Contour mode</string>
<string name="pref_key_live_preview_face_detection_contour_mode" translatable="false">lpfdcm</string>
<string name="pref_entries_face_detector_contour_mode_no_contours" translatable="false">No contours</string>
<string name="pref_entries_face_detector_contour_mode_all_contours" translatable="false">All contours</string>
    <!-- The following entry values must match the ones in FaceDetectorOptions#ContourMode -->
<string name="pref_entry_values_face_detector_contour_mode_no_contours" translatable="false">1</string>
<string name="pref_entry_values_face_detector_contour_mode_all_contours" translatable="false">2</string>

    <!-- Strings for face detector classification mode preference. -->
<string name="pref_title_face_detector_classification_mode" translatable="false">Classification mode</string>
<string name="pref_key_live_preview_face_detection_classification_mode" translatable="false">lpfdcfm</string>
<string name="pref_entries_face_detector_classification_mode_no_classifications" translatable="false">No classifications</string>
<string name="pref_entries_face_detector_classification_mode_all_classifications" translatable="false">All classifications</string>
    <!-- The following entry values must match the ones in FaceDetectorOptions#ClassificationMode -->
<string name="pref_entry_values_face_detector_classification_mode_no_classifications" translatable="false">1</string>
<string name="pref_entry_values_face_detector_classification_mode_all_classifications" translatable="false">2</string>

    <!-- Strings for face detector performance mode preference. -->
<string name="pref_title_face_detector_performance_mode" translatable="false">Performance mode</string>
<string name="pref_key_live_preview_face_detection_performance_mode" translatable="false">lpfdpm</string>
<string name="pref_entries_face_detector_performance_mode_fast" translatable="false">Fast</string>
<string name="pref_entries_face_detector_performance_mode_accurate" translatable="false">Accurate</string>
    <!-- The following entry values must match the ones in FaceDetectorOptions#PerformanceMode -->
<string name="pref_entry_values_face_detector_performance_mode_fast" translatable="false">1</string>
<string name="pref_entry_values_face_detector_performance_mode_accurate" translatable="false">2</string>

    <!-- Strings for face detector face tracking preference. -->
<string name="pref_title_face_detector_face_tracking" translatable="false">Face tracking</string>
<string name="pref_key_live_preview_face_detection_face_tracking" translatable="false">lpfdft</string>

    <!-- Strings for face detector min face size preference. -->
<string name="pref_title_face_detector_min_face_size" translatable="false">Minimum face size</string>
<string name="pref_key_live_preview_face_detection_min_face_size" translatable="false">lpfdmfs</string>
<string name="pref_dialog_message_face_detector_min_face_size" translatable="false">Proportion of the head width to the image width, and the valid value range is [0.0, 1.0]</string>
<string name="pref_toast_invalid_min_face_size" translatable="false">Minimum face size must be a float value and in the range [0.0, 1.0]</string>

    <!-- Strings for pose detector performance mode preference. -->
<string name="pref_title_pose_detector_performance_mode" translatable="false">Performance mode</string>
<string name="pref_key_live_preview_pose_detection_performance_mode" translatable="false">lppdpm</string>
<string name="pref_key_still_image_pose_detection_performance_mode" translatable="false">sipdpm</string>
<string name="pref_entries_pose_detector_performance_mode_fast" translatable="false">Fast</string>
<string name="pref_entries_pose_detector_performance_mode_accurate" translatable="false">Accurate</string>
<string name="pref_entry_values_pose_detector_performance_mode_fast" translatable="false">1</string>
<string name="pref_entry_values_pose_detector_performance_mode_accurate" translatable="false">2</string>

    <!-- Strings for pose detector prefer gpu preference. -->
<string name="pref_title_pose_detector_prefer_gpu" translatable="false">Prefer using GPU</string>
<string name="pref_key_pose_detector_prefer_gpu" translatable="false">pdpg</string>
<string name="pref_summary_pose_detector_prefer_gpu" translatable="false">If enabled, GPU will be used as long as it is available, stable and returns correct results. In this case, the detector will not check if GPU is really faster than CPU.</string>

    <!-- Strings for pose detector showInFrameLikelihood preference. -->
<string name="pref_title_pose_detector_show_in_frame_likelihood" translatable="false">Show in-frame likelihood</string>
<string name="pref_key_live_preview_pose_detector_show_in_frame_likelihood" translatable="false">lppdsifl</string>
<string name="pref_key_still_image_pose_detector_show_in_frame_likelihood" translatable="false">sipdsifl</string>

    <!-- Strings for pose detector z value visualization preference. -->
<string name="pref_title_pose_detector_visualize_z" translatable="false">Visualize z value</string>
<string name="pref_key_pose_detector_visualize_z" translatable="false">pdvz</string>
<string name="pref_title_pose_detector_rescale_z" translatable="false">Rescale z value for visualization</string>
<string name="pref_key_pose_detector_rescale_z" translatable="false">pdrz</string>

    <!-- Strings for pose classification preference. -->
<string name="pref_title_pose_detector_run_classification" translatable="false">Run Classification</string>
<string name="pref_key_pose_detector_run_classification" translatable="false">pdrc</string>
<string name="pref_summary_pose_detector_run_classification" translatable="false">Classify squat and pushup poses. Count reps in streaming mode. To get the best classification results based on the current sample data, face the camera side way and make sure your full body is in the frame.</string>

    <!-- Strings for segmentation preference. -->
<string name="pref_title_segmentation_raw_size_mask" translatable="false">Enable raw size mask</string>
<string name="pref_key_segmentation_raw_size_mask" translatable="false">srsm</string>

<string name="pref_group_title_face_mesh" translatable="false">Face Mesh Detection</string>
<string name="pref_title_face_mesh_use_case" translatable="false">Use Case</string>
<string name="pref_key_face_mesh_use_case" translatable="false">face_mesh_use_case</string>
</resources>